,defn,sentence,list1,list2,gptlist,f1,dataset,id,num,gptcorrect,gptcorrect_agreement,truecorrect,truecorrect_agreement,gptbetter,gptbetter_agreement,gptworse,gptworse_agreement,gptmissing,gptextra,truemissing,trueextra
0,"Named entities are phrases that represent the name of a field, task, product, algorithm, researcher, metrics, university, country, person, organization or location",The method of defining the linked list specifies the use of a depth-first search or a breadth-first search .,"depth-first search, breadth-first search","breadth-first search, linked list, depth-first search",2,0.8,ai,0,3.0,1.0,0.5,1.0,0.5,1.0,0.5,0.0,0.5,0.0,0.3333333333333333,0.6666666666666666,0.0
1,"Named entities are phrases that represent the name of a book, writer, award, poem, event, magazine, person, location, organization, country, miscellaneous","Chekhov has also influenced the work of Japanese playwrights including Shimizu Kunio , Yōji Sakate , and Ai Nagai .","japanese playwrights, yōji sakate, shimizu kunio, chekhov, ai nagai","yōji sakate, japanese, chekhov, shimizu kunio, ai nagai",1,0.8,lit,1,3.0,1.0,0.5,0.0,1.0,1.0,1.0,0.0,1.0,0.0,0.0,0.6666666666666666,0.3333333333333333
2,"Named entities are phrases that represent the name of a book, writer, award, poem, event, magazine, person, location, organization, country, miscellaneous","Investigative journalist Michael Specter , in an article in The New Yorker on 25 August 2014 entitled Seeds of Doubt ,","michael specter, the new yorker, seeds of doubt","michael specter, seeds of doubt, the new yorker, investigative journalist",2,0.8571428571428571,lit,2,3.0,0.0,1.0,1.0,0.5,0.0,1.0,1.0,1.0,0.0,1.0,0.0,0.0
3,"Named entities are phrases that represent the name of a book, writer, award, poem, event, magazine, person, location, organization, country, miscellaneous","He knew patristic literature , as well as Pliny the Elder , Virgil , Lucretius , Ovid , Horace and other classical writers .","horace, lucretius, pliny the elder, classical, patristic literature, ovid, virgil","patristic literature, virgil, classical writers, lucretius, pliny the elder, ovid, horace",2,0.8571428571428571,lit,3,3.0,0.0,0.5,0.0,1.0,1.0,0.5,0.0,1.0,0.0,1.0,0.3333333333333333,1.0
4,"Named entities are phrases that represent the name of a field, task, product, algorithm, researcher, metrics, university, country, person, organization or location","( February 20 , 1912 - August 11 , 2011 ) was an American inventor , best known for creating Unimate , the first industrial robot .","american, unimate",unimate,2,0.6666666666666666,ai,4,3.0,0.0,0.5,0.0,0.5,1.0,0.5,0.0,0.5,1.0,0.0,0.6666666666666666,0.3333333333333333
5,"Named entities are phrases that represent the name of a book, writer, award, poem, event, magazine, person, location, organization, country, miscellaneous","Poet and lead singer of King Missile , John S. Hall has also long been a vocal opponent , taking issue with such factors as its inherently competitive nature In his 2005 interview in Words In Your Face : A Guided Tour Through Twenty Years of the New York City Poetry Slam , he recalls seeing his first slam , at the Nuyorican Poets Café : ... I hated it .","words in your face : a guided tour through twenty years of the new york city poetry slam, nuyorican poets café, king missile, john s. hall","nuyorican poets café, john s. hall, king missile, new york city poetry slam, words in your face: a guided tour through twenty years of the new york city poetry slam",2,0.6666666666666666,lit,5,2.0,0.0,0.0,1.0,1.0,0.0,1.0,1.0,0.0,0.5,1.0,0.0,0.0
6,"Named entities are phrases that represent the name of a field, task, product, algorithm, researcher, metrics, university, country, person, organization or location","NMF is an instance of nonnegative quadratic programming ( NQP ) , just like the support vector machine ( SVM ) .","support vector machine (svm, nonnegative quadratic programming (nqp, nmf (non-negative matrix factorization","support vector machine, nmf, nonnegative quadratic programming, svm, nqp",1,0.0,ai,6,3.0,0.0,0.5,1.0,1.0,0.0,1.0,1.0,0.5,0.0,0.6666666666666666,0.0,0.0
7,"Named entities are phrases that represent the name of a book, writer, award, poem, event, magazine, person, location, organization, country, miscellaneous","Although Nietzsche had previously announced at the end of On the Genealogy of Morality a new work with the title The Will to Power : Attempt at a Revaluation of All Values , he eventually seems to have abandoned this idea and instead used some of the draft passages to compose Twilight of the Idols and The Antichrist in 1888 .","the antichrist, the will to power, nietzsche, on the genealogy of morality, attempt at a revaluation of all values, twilight of the idols","nietzsche, on the genealogy of morality, the will to power : attempt at a revaluation of all values, twilight of the idols, the antichrist",1,0.7272727272727273,lit,7,3.0,1.0,0.5,1.0,1.0,0.0,1.0,1.0,0.5,0.3333333333333333,0.6666666666666666,0.0,0.0
8,"Named entities are phrases that represent the name of a politician, person, organization, political party, event, election, country or location",This was the second Senatorial race for Gordon Smith in 1996 ; he had previously lost to Ron Wyden in the 1996 United States Senate special election in Oregon to fill Bob Packwood ' s seat .,"gordon smith, bob packwood, 1996 united states senate special election in oregon, ron wyden","oregon, ron wyden, gordon smith, 1996 united states senate special election, bob packwood",2,0.6666666666666666,pol,8,3.0,1.0,0.5,0.0,0.5,1.0,1.0,0.0,1.0,0.3333333333333333,0.0,1.0,0.3333333333333333
9,"Named entities are phrases that represent the name of a politician, person, organization, political party, event, election, country or location","In Vancouver 's 2011 Vancouver municipal election , Anton was the Non-Partisan Association candidate for Mayor of Vancouver , eventually losing to incumbent Gregor Robertson of Vision Vancouver .","gregor robertson, vancouver, vision vancouver, non-partisan association, anton, 2011 vancouver municipal election","vancouver, vision vancouver, non-partisan association, vancouver, gregor robertson, 2011 vancouver municipal election",1,0.9090909090909092,pol,9,3.0,0.0,0.5,0.0,1.0,1.0,0.5,0.0,1.0,0.6666666666666666,0.0,1.3333333333333333,0.3333333333333333
10,"Named entities are phrases that represent the name of a book, writer, award, poem, event, magazine, person, location, organization, country, miscellaneous","In 1857 , Dickens hired professional actresses for the play The Frozen Deep , written by him and his protégé , Wilkie Collins .","wilkie collins, dickens, the frozen deep","dickens, wilkie collins, the frozen deep, professional actresses",2,0.8571428571428571,lit,10,3.0,0.0,1.0,1.0,1.0,0.0,1.0,1.0,1.0,0.0,0.6666666666666666,0.0,0.0
11,"Named entities are phrases that represent the name of a field, task, product, algorithm, researcher, metrics, university, country, person, organization or location","At UCSD , Norman was a founder of the Institute for Cognitive Science and one of the organizers of the Cognitive Science Society ( along with Roger Schank , Allan M. Collins , and others ) , which held its first meeting at the UCSD campus in 1979 .","norman, roger schank, allan m. collins, ucsd, ucsd, the institute for cognitive science, cognitive science society","ucsd, cognitive science society, norman, allan m. collins, roger schank, institute for cognitive science",2,0.8333333333333334,ai,11,3.0,1.0,1.0,0.0,0.5,1.0,0.5,0.0,1.0,0.0,0.0,0.0,1.0
12,"Named entities are phrases that represent the name of a book, writer, award, poem, event, magazine, person, location, organization, country, miscellaneous","It was a finalist for the National Book Award for Fiction ! -- National Book Awards were called American for several years from 1980 , but must not be confused with American Book Awards -- in 1979 ( which ultimately went to Tim O 'Brien for Going After Cacciato ) in the film as an official in one of Garp 's high school wrestling matches .","american book awards, tim o'brien, national book award for fiction, high school wrestling matches, national book awards, garp, going after cacciato","tim o 'brien, going after cacciato, american, garp, national book awards, national book award for fiction, american book awards",1,0.7142857142857143,lit,12,3.0,0.0,0.5,1.0,0.5,0.0,0.5,0.0,0.5,0.3333333333333333,0.3333333333333333,0.0,0.0
13,"Named entities are phrases that represent the name of a music genre, song, band, album, musical artist, musical instrument, award, event, country, location, organization or person","These included depictions of local Civil Defence during World War II including St. John Ambulance , the British Red Cross and the fire services along with air raid wardens , police officers , the Home Guard and the Royal Voluntary Service .","royal voluntary service, st. john ambulance, world war ii, home guard, british red cross, local civil defence","british red cross, home guard, police officers, fire services, air raid wardens, st. john ambulance, royal voluntary service, civil defence, world war ii",2,0.6666666666666666,music,13,3.0,0.0,0.5,0.0,1.0,0.0,0.5,1.0,0.5,0.0,1.3333333333333333,1.3333333333333333,0.6666666666666666
14,"Named entities are phrases that represent the name of a politician, person, organization, political party, event, election, country or location","In May 2012 the Likeminded Group formed an alliance with the PML ( N ) in a bid to unite all Pakistan Muslim League factions under the leadership of Nawaz Sharif , with the aim of defeating the Pakistan Tehreek-e-Insaf and the ruling coalition of Pakistan Peoples Party and PML ( Q ) in the upcoming 2013 Pakistani general election .","pakistan muslim league, pakistan tehreek-e-insaf, nawaz sharif, pml, 2013 pakistani general election, pml, pakistan peoples party","pml (q, nawaz sharif, pml (n, 2013 pakistani general election, likeminded group, pakistan muslim league, pakistan peoples party, pakistan tehreek-e-insaf",2,0.7142857142857143,pol,14,3.0,1.0,0.5,0.0,1.0,1.0,0.5,0.0,0.5,0.0,0.3333333333333333,1.6666666666666667,0.3333333333333333
15,"Named entities are phrases that represent the name of a music genre, song, band, album, musical artist, musical instrument, award, event, country, location, organization or person","142 He returned to the stage on 8 September 2005 , appearing with Arcade Fire for the US nationally televised event Fashion Rocks , and performed with the Canadian band for the second time a week later during the CMJ Music Marathon . Thompson ( 2006 ) : pp. 291-92 He contributed backing vocals on TV on the Radio ' s song Province for their album Return to Cookie Mountain ,","arcade fire, fashion rocks, province, us, return to cookie mountain, thompson, canadian, cmj music marathon, tv on the radio","us, fashion rocks, return to cookie mountain, province, cmj music marathon, tv on the radio, arcade fire",2,0.875,music,15,3.0,0.0,0.5,0.0,1.0,0.0,0.5,0.0,0.5,1.6666666666666667,0.0,0.6666666666666666,0.6666666666666666
16,"Named entities are phrases that represent the name of a politician, person, organization, political party, event, election, country or location","During the early stages of World War II , the United Kingdom and France Allies of World War II made a series of proposals to send troops to assist Finland against the Soviet Union in the Winter War , which started on 30 November 1939 .","france, winter war, united kingdom, allies of world war ii, finland, world war ii, soviet union","winter war, soviet union, france allies, united kingdom, world war ii, world war ii",1,0.6666666666666666,pol,16,3.0,0.0,0.5,0.0,0.5,1.0,0.5,0.0,1.0,1.0,0.3333333333333333,2.0,0.3333333333333333
17,"Named entities are phrases that represent the name of a book, writer, award, poem, event, magazine, person, location, organization, country, miscellaneous","As a distinguished writer sympathizing with the cause of communism , he was invited to speak at Maxim Gorky ' s funeral and to tour the Soviet Union as a guest of the Soviet Union of Writers .","communism, soviet union, maxim gorky ' s funeral, soviet union of writers","soviet union, maxim gorky, soviet union of writers, distinguished writer, communism",2,0.6666666666666666,lit,17,3.0,0.0,1.0,1.0,0.5,0.0,0.5,1.0,0.5,0.0,1.3333333333333333,0.3333333333333333,0.3333333333333333
18,"Named entities are phrases that represent the name of a scientist, person, university, organization, country, location, discipline, enzyme, protein, chemical compound, chemical element, event, astronomical object, academic journal, award or theory","Schweickart is a Fellow of the American Astronautical Society , the International Academy of Astronautics and the California Academy of Sciences , as well as an Associate Fellow of the American Institute of Aeronautics and Astronautics .","schweickart, fellow of the american astronautical society, california academy of sciences, international academy of astronautics, american institute of aeronautics and astronautics","american institute of aeronautics and astronautics, american astronautical society, international academy of astronautics, california academy of sciences, schweickart",2,0.8,science,18,3.0,0.0,0.5,1.0,0.5,0.0,0.5,0.0,0.5,1.0,0.0,1.0,0.3333333333333333
19,"Named entities are phrases that represent the name of a music genre, song, band, album, musical artist, musical instrument, award, event, country, location, organization or person","Since 2001 , the dominance of traditional boy bands on pop charts began to fade in the western hemisphere , although Gil Kaufman of MTV has described new boy bands that are more likely to resemble My Chemical Romance , Sum 41 , and Simple Plan .","simple plan, gil kaufman, western hemisphere, sum 41, my chemical romance, mtv","gil kaufman, simple plan, mtv, western hemisphere, my chemical romance, pop, sum 41",1,0.9230769230769232,music,19,3.0,0.0,1.0,1.0,0.5,0.0,1.0,1.0,1.0,1.0,0.3333333333333333,0.0,0.3333333333333333
20,"Named entities are phrases that represent the name of a field, task, product, algorithm, researcher, metrics, university, country, person, organization or location",", ( 2002 ) as the automatic metric for Machine translation ( MT ) evaluation , many other methods have been proposed to revise or improve it , such as TER , METEOR , Banerjee and Lavie , ( 2005 ) etc .","mt, machine translation, ter, lavie, meteor, banerjee","banerjee, machine translation (mt, lavie, meteor, ter",2,0.7272727272727273,ai,20,3.0,0.0,1.0,0.0,0.5,0.0,1.0,1.0,0.5,1.3333333333333333,1.6666666666666667,0.3333333333333333,1.0
21,"Named entities are phrases that represent the name of a scientist, person, university, organization, country, location, discipline, enzyme, protein, chemical compound, chemical element, event, astronomical object, academic journal, award or theory","This binding results in the activation of a signalling pathway which allows for the transcription factor NF-κB to enter the nucleus of the macrophage and initiate the transcription and eventual secretion of various cytokines such as Il-8 , Interleukin-1 family , and TNFα .","interleukin-1 family, nf-κb, il-8, tnfα","transcription factor nf-κb, macrophage, signalling pathway, interleukin-1 family, il-8, cytokines, tnfα",2,0.5454545454545454,science,21,3.0,0.0,0.5,0.0,0.5,1.0,0.5,0.0,0.5,1.0,1.0,3.0,0.0
22,"Named entities are phrases that represent the name of a politician, person, organization, political party, event, election, country or location","The same boundaries were used in the 1922 United Kingdom general election , the 1923 United Kingdom general election , the 1924 United Kingdom general election , the 1929 United Kingdom general election , the 1931 United Kingdom general election , the 1935 United Kingdom general election and the 1945 United Kingdom general election .","1945 united kingdom general election, 1929 united kingdom general election, 1931 united kingdom general election, 1935 united kingdom general election, 1923 united kingdom general election, 1924 united kingdom general election, 1922 united kingdom general election","1935 united kingdom general election, 1931 united kingdom general election, 1922 united kingdom general election, united kingdom, 1923 united kingdom general election, 1929 united kingdom general election, 1924 united kingdom general election, 1945 united kingdom general election",2,0.9333333333333332,pol,22,3.0,1.0,1.0,1.0,1.0,0.0,1.0,0.0,0.5,0.0,0.0,0.0,0.0
23,"Named entities are phrases that represent the name of a scientist, person, university, organization, country, location, discipline, enzyme, protein, chemical compound, chemical element, event, astronomical object, academic journal, award or theory","Most of the outer irregular moon s of Jupiter and Saturn also have retrograde orbits , as do some of Uranus ' s outer moons .","irregular moon, uranus, saturn, jupiter","jupiter, outer irregular moons, uranus, saturn, retrograde orbits",2,0.6666666666666666,science,23,3.0,0.0,0.5,0.0,1.0,1.0,0.5,0.0,0.5,0.0,0.6666666666666666,0.6666666666666666,0.3333333333333333
24,"Named entities are phrases that represent the name of a field, task, product, algorithm, researcher, metrics, university, country, person, organization or location","In 1857 , at the request of the Tokugawa Shogunate , a group of Dutch engineers began work on the Nagasaki Yotetsusho , a modern , Western-style foundry and shipyard near the Dutch settlement of Dejima , at Nagasaki .","dejima, tokugawa shogunate, dutch, dutch, nagasaki, nagasaki yotetsusho","nagasaki yotetsusho, dutch engineers, dejima, nagasaki, tokugawa shogunate",2,0.8,ai,24,3.0,0.0,0.5,0.0,0.5,0.0,1.0,1.0,1.0,1.0,0.6666666666666666,0.6666666666666666,0.0
25,"Named entities are phrases that represent the name of a book, writer, award, poem, event, magazine, person, location, organization, country, miscellaneous","The remainder were distributed off a ferry near Hong Kong , the ferry between Hainan Island and the Chinese mainland , a ferry in Vietnam , White 's Ferry on the Potomac River in Virginia on Father 's Day 2007 , and on author H. P. Lovecraft ' s grave in Providence , Rhode Island on December 17 , 2005 .","hong kong, h. p. lovecraft, father 's day, white 's ferry, providence, virginia, hainan island, chinese mainland, rhode island, potomac river, vietnam","chinese mainland, providence, h. p. lovecraft, virginia, hainan island, vietnam, white's ferry, rhode island, hong kong, potomac river",2,0.8571428571428571,lit,25,3.0,0.0,1.0,1.0,1.0,0.0,1.0,1.0,1.0,1.3333333333333333,0.0,0.0,0.0
26,"Named entities are phrases that represent the name of a scientist, person, university, organization, country, location, discipline, enzyme, protein, chemical compound, chemical element, event, astronomical object, academic journal, award or theory","Such mass wasting occurs on both terrestrial and submarine slopes , and has been observed on Earth , Mars , Venus , Titan and Iapetus .","iapetus, mass wasting, earth, titan, venus, mars","mars, venus, earth, iapetus, titan",1,0.9090909090909092,science,26,3.0,0.0,1.0,1.0,1.0,0.0,1.0,1.0,1.0,0.0,1.0,0.0,0.0
27,"Named entities are phrases that represent the name of a field, task, product, algorithm, researcher, metrics, university, country, person, organization or location",An example of a typical computer vision computation pipeline for Facial recognition system using k -NN including feature extraction and dimension reduction pre-processing steps ( usually implemented with OpenCV ) :,"feature extraction, opencv, k -nn, computer vision, dimension reduction, facial recognition system","facial recognition system, feature extraction, computer vision, dimension reduction, k-nn (k-nearest neighbors, opencv",2,0.8333333333333334,ai,27,2.0,0.0,0.0,0.0,0.0,0.0,1.0,1.0,0.0,0.0,1.0,0.5,1.0
28,"Named entities are phrases that represent the name of a politician, person, organization, political party, event, election, country or location","Michael Bloomberg , formerly a Democrat , was elected as a Republican in 2001 New York City mayoral election and 2005 New York City mayoral election , succeeding another Republican mayor , Rudy Giuliani , elected in 1993 and 1997 New York City mayoral election .","democrat, republican, republican, 2001 new york city mayoral election, 1993 and 1997 new york city mayoral election, 2005 new york city mayoral election, rudy giuliani, michael bloomberg","republican, democrat, michael bloomberg, 1993 new york city mayoral election, 1997 new york city mayoral election, rudy giuliani, 2005 new york city mayoral election, 2001 new york city mayoral election, new york city",2,0.75,pol,28,3.0,1.0,0.5,1.0,0.5,0.0,0.5,1.0,0.5,0.3333333333333333,0.0,0.6666666666666666,0.3333333333333333
29,"Named entities are phrases that represent the name of a scientist, person, university, organization, country, location, discipline, enzyme, protein, chemical compound, chemical element, event, astronomical object, academic journal, award or theory","Many families of proteins act as negative regulators categorized into either antiapoptotic factors , such as IAP nowiki / s and Bcl-2 family proteins or prosurvival factors like cFLIP , BNIP3 , FADD , Protein kinase B , and NF-κB .","proteins, nf-κb, fadd, bcl-2 family proteins, antiapoptotic factors, bnip3, protein kinase b, cflip, prosurvival factors","nf-κb, fadd, cflip, bcl-2 family, iap, bnip3, protein kinase b",1,0.625,science,29,3.0,0.0,1.0,0.0,0.5,0.0,1.0,1.0,1.0,1.0,2.0,0.6666666666666666,0.0
30,"Named entities are phrases that represent the name of a politician, person, organization, political party, event, election, country or location","Since 2008 it was part of the Sammarinese Union of Moderates together with Sammarinese Populars and stood in opposition to the 2006-2008 coalition government consisting of the Party of Socialists and Democrats , the Popular Alliance and the United Left .","party of socialists and democrats, popular alliance, united left, 2006-2008 coalition government, sammarinese union of moderates, sammarinese populars","party of socialists and democrats, sammarinese populars, sammarinese union of moderates, united left, popular alliance",1,0.9090909090909092,pol,30,3.0,1.0,1.0,0.0,1.0,1.0,1.0,0.0,1.0,0.0,0.0,1.0,0.0
31,"Named entities are phrases that represent the name of a book, writer, award, poem, event, magazine, person, location, organization, country, miscellaneous","William F. Buckley , Jr and other contributors for the National Review magazine .","william f. buckley jr, national review magazine","william f. buckley , jr, national review",1,0.0,lit,31,3.0,1.0,1.0,0.0,1.0,1.0,1.0,0.0,1.0,0.0,0.0,0.6666666666666666,1.6666666666666667
32,"Named entities are phrases that represent the name of a politician, person, organization, political party, event, election, country or location","In Kota Kinabalu , United Pasokmomogun Kadazandusun Murut Organisation ( UPKO ) led by its Secretary-General Datuk Wilfred Madius Tangau , on 23 September 2008 , joined its 3 other Barisan Nasional ( BN ) counterparts Malaysian Chinese Association , Parti Gerakan Rakyat Malaysia and Malaysian Indian Congress , petitioning Government review of ISA .","wilfred madius tangau, upko, malaysian indian congress, kota kinabalu, bn, malaysian chinese association, parti gerakan rakyat malaysia, barisan nasional, united pasokmomogun kadazandusun murut organisation","malaysian indian congress, barisan nasional (bn, isa, malaysian chinese association, united pasokmomogun kadazandusun murut organisation (upko, datuk wilfred madius tangau, kota kinabalu, parti gerakan rakyat malaysia",2,0.4705882352941176,pol,32,3.0,1.0,1.0,0.0,1.0,1.0,0.5,0.0,0.5,0.0,0.0,1.3333333333333333,0.3333333333333333
33,"Named entities are phrases that represent the name of a field, task, product, algorithm, researcher, metrics, university, country, person, organization or location","Time series are used in statistics , signal processing , pattern recognition , econometrics , mathematical finance , weather forecasting , earthquake prediction , electroencephalography , control engineering , astronomy , communications engineering , and largely in any domain of applied science and engineering which involves temporal measurements .","pattern recognition, statistics, earthquake prediction, control engineering, communications engineering, time series, econometrics, weather forecasting, signal processing, astronomy, mathematical finance, applied science, electroencephalography","econometrics, pattern recognition, signal processing, mathematical finance, weather forecasting, communications engineering, control engineering, statistics, earthquake prediction",2,0.8181818181818182,ai,33,2.0,0.0,1.0,0.0,1.0,0.0,1.0,1.0,0.0,2.5,0.0,0.5,0.5
34,"Named entities are phrases that represent the name of a politician, person, organization, political party, event, election, country or location","The Party stood one candidate , John Morris , in the 1997 United Kingdom general election and 2001 United Kingdom general election in the Guildford constituency , and two in the 2005 United Kingdom general election with Caroline O 'Reilly also standing in Brighton Kemptown .","2005 united kingdom general election, 1997 united kingdom general election, 2001 united kingdom general election, john morris, guildford, brighton kemptown","caroline o'reilly, john morris, brighton kemptown, 1997 united kingdom general election, 2001 united kingdom general election, 2005 united kingdom general election, guildford constituency, the party",2,0.7142857142857143,pol,34,3.0,1.0,0.5,0.0,1.0,1.0,1.0,0.0,1.0,0.0,0.3333333333333333,2.3333333333333335,0.0
35,"Named entities are phrases that represent the name of a scientist, person, university, organization, country, location, discipline, enzyme, protein, chemical compound, chemical element, event, astronomical object, academic journal, award or theory","Somatic enrichment for transversion mutations ( G : CT : A ) has been associated with base excision repair ( BER ) deficiency and linked to defective MUTYH , a DNA glycosylase , in colorectal cancer .","ber, colorectal cancer, dna glycosylase, transversion, base excision repair, mutyh","transversion mutations, dna glycosylase, somatic enrichment, base excision repair (ber, colorectal cancer, mutyh",2,0.5,science,35,3.0,1.0,0.5,0.0,1.0,0.0,0.5,0.0,0.5,1.0,1.3333333333333333,0.3333333333333333,0.0
36,"Named entities are phrases that represent the name of a politician, person, organization, political party, event, election, country or location","On August 3 , 2012 the party ( which had no member in the lower house ) in concert with six other minor opposition parties ( People 's Life First , Kizuna Party , Social Democratic Party , Your Party , Japanese Communist Party and the New Renaissance Party ) agreed to submit a no confidence motion against Prime Minister Yoshihiko Noda in an effort to block the passage of the bill raising Japan 's consumption tax from 5 % to 10 % .","japan, new renaissance party, your party, yoshihiko noda, social democratic party, kizuna party, japanese communist party, people 's life first","japan, prime minister yoshihiko noda, kizuna party, japanese communist party, people's life first, social democratic party, new renaissance party, your party",2,0.75,pol,36,3.0,1.0,0.5,1.0,0.5,0.0,0.5,0.0,1.0,0.3333333333333333,0.0,0.6666666666666666,0.0
37,"Named entities are phrases that represent the name of a scientist, person, university, organization, country, location, discipline, enzyme, protein, chemical compound, chemical element, event, astronomical object, academic journal, award or theory","The minor planet is named after the Leakey 's , a family of Kenyan paleoanthropologist s : Mary Leakey ( 1913-1996 ) , her husband Louis Leakey ( 1903-1972 ) , and their son Richard Leakey ( born 1944 ) .","richard leakey, leakey, kenyan, mary leakey, minor planet, louis leakey","mary leakey, louis leakey, leakey's, minor planet, richard leakey",2,0.7272727272727273,science,37,3.0,0.0,0.5,0.0,0.5,0.0,1.0,1.0,0.5,1.0,0.6666666666666666,0.3333333333333333,1.0
38,"Named entities are phrases that represent the name of a politician, person, organization, political party, event, election, country or location","In March 1987 , Western Goals UK had filed a complaint with the Charity Commission for England and Wales against three major British charities , Oxfam , War on Want , and Christian Aid claiming that they were involved in political campaigning work ( which was then contrary to UK charity law ) in support of left-wing organizations due to their campaigns against apartheid in South Africa .","war on want, apartheid, charity commission for england and wales, western goals uk, south africa, british, oxfam, christian aid","british, uk, christian aid, western goals uk, charity commission for england and wales, apartheid, war on want, south africa, oxfam",1,0.9411764705882352,pol,38,3.0,0.0,0.5,1.0,0.5,0.0,1.0,1.0,0.5,0.6666666666666666,0.3333333333333333,0.0,0.3333333333333333
39,"Named entities are phrases that represent the name of a book, writer, award, poem, event, magazine, person, location, organization, country, miscellaneous",Rolling Stone magazine ranked him number 13 in its list of 100 Greatest Artists .,"100 greatest artists, rolling stone","100 greatest artists, rolling stone magazine",2,0.5,lit,39,3.0,1.0,1.0,1.0,0.5,0.0,0.5,0.0,1.0,0.0,0.0,0.0,0.0
40,"Named entities are phrases that represent the name of a book, writer, award, poem, event, magazine, person, location, organization, country, miscellaneous","In the same year , he produced the first French language editions of Joseph Conrad ' s Heart of Darkness and Lord Jim .","joseph conrad, french language, lord jim, heart of darkness","lord jim, french, heart of darkness, joseph conrad",1,0.75,lit,40,3.0,0.0,0.5,1.0,0.5,0.0,0.5,0.0,0.5,0.0,0.3333333333333333,0.0,0.3333333333333333
41,"Named entities are phrases that represent the name of a music genre, song, band, album, musical artist, musical instrument, award, event, country, location, organization or person","He has performed at venues including Lincoln Center , Carnegie Hall , CBGB ' s and Madison Square Garden .","cbgb's, lincoln center, madison square garden, carnegie hall","carnegie hall, cbgb, lincoln center, madison square garden",1,0.75,music,41,3.0,1.0,1.0,1.0,0.5,0.0,0.5,0.0,1.0,0.0,0.0,0.3333333333333333,0.3333333333333333
42,"Named entities are phrases that represent the name of a music genre, song, band, album, musical artist, musical instrument, award, event, country, location, organization or person","They were inducted by Chuck D and LL Cool J on April 14 , 2012 therefore the group didn 't perform ; instead Black Thought , Travie from Gym Class Heroes and Kid Rock performed a medley of their songs .","black thought, chuck d, kid rock, travie, gym class heroes, ll cool j","chuck d, black thought, travie, gym class heroes, ll cool j, medley, kid rock",1,0.9230769230769232,music,42,3.0,1.0,0.5,0.0,0.5,1.0,0.5,0.0,0.5,0.3333333333333333,0.0,0.0,0.6666666666666666
43,"Named entities are phrases that represent the name of a scientist, person, university, organization, country, location, discipline, enzyme, protein, chemical compound, chemical element, event, astronomical object, academic journal, award or theory","He attended the U.S. Air Force Institute of Technology for a year , earning a bachelor 's degree in aeromechanics , and received his test pilot training at Edwards Air Force Base in California before his assignment as a test pilot at Wright-Patterson Air Force Base in Ohio .","u.s. air force institute of technology, edwards air force base, ohio, wright-patterson air force base, california, aeromechanics","test pilot, california, u.s. air force institute of technology, wright-patterson air force base, edwards air force base, ohio, aeromechanics",2,0.9230769230769232,science,43,3.0,0.0,1.0,1.0,0.5,0.0,1.0,1.0,1.0,0.3333333333333333,1.0,0.3333333333333333,0.0
44,"Named entities are phrases that represent the name of a field, task, product, algorithm, researcher, metrics, university, country, person, organization or location","The natural gradient of mathE f ( x ) / math , complying with the Fisher information metric ( an informational distance measure between probability distributions and the curvature of the relative entropy ) , now reads","relative entropy, natural gradient, fisher information metric",fisher information metric,2,0.5,ai,44,3.0,1.0,0.5,1.0,0.5,0.0,0.5,1.0,0.5,0.6666666666666666,0.3333333333333333,0.3333333333333333,0.6666666666666666
45,"Named entities are phrases that represent the name of a scientist, person, university, organization, country, location, discipline, enzyme, protein, chemical compound, chemical element, event, astronomical object, academic journal, award or theory","In 1952 , the U.S. Army patented a process for the Preparation of Toxic Ricin , publishing a method of producing this powerful toxin .","preparation of toxic ricin, ricin, u.s. army","u.s. army, preparation of toxic ricin",1,0.8,science,45,3.0,0.0,1.0,0.0,0.5,0.0,1.0,1.0,0.5,0.3333333333333333,1.3333333333333333,0.3333333333333333,0.6666666666666666
46,"Named entities are phrases that represent the name of a field, task, product, algorithm, researcher, metrics, university, country, person, organization or location","Since the Google acquisition , the company has notched up a number of significant achievements , perhaps the most notable being the creation of AlphaGo , a program that defeated world champion Lee Sedol at the complex game of Go .","go, lee sedol, google, alphago","the game of go, alphago, google, lee sedol",2,0.75,ai,46,3.0,0.0,0.5,1.0,0.5,0.0,0.5,1.0,0.5,0.3333333333333333,0.6666666666666666,0.0,0.0
47,"Named entities are phrases that represent the name of a scientist, person, university, organization, country, location, discipline, enzyme, protein, chemical compound, chemical element, event, astronomical object, academic journal, award or theory","Herschbach is a Fellow of the American Academy of Arts and Sciences , the National Academy of Sciences , the American Philosophical Society and the Royal Chemical Society of Great Britain .","fellow of the american academy of arts and sciences, royal chemical society of great britain, herschbach, american philosophical society, national academy of sciences","american philosophical society, american academy of arts and sciences, national academy of sciences, royal chemical society of great britain, herschbach",2,0.8,science,47,3.0,1.0,1.0,1.0,0.5,1.0,0.5,0.0,1.0,0.0,0.0,0.0,0.3333333333333333
48,"Named entities are phrases that represent the name of a music genre, song, band, album, musical artist, musical instrument, award, event, country, location, organization or person","Some modern artists that primarily or entirely produce country pop music include Kacey Musgraves , Maren Morris , Kelsea Ballerini , Sam Hunt , Kane Brown , Chris Lane , and Dan + Shay .","sam hunt, kelsea ballerini, dan + shay, country pop, maren morris, kacey musgraves, kane brown, chris lane","sam hunt, chris lane, dan + shay, kacey musgraves, maren morris, kelsea ballerini, country pop music, kane brown",1,0.875,music,48,3.0,1.0,0.5,1.0,0.5,0.0,0.5,0.0,0.5,0.0,0.0,0.3333333333333333,0.3333333333333333
49,"Named entities are phrases that represent the name of a field, task, product, algorithm, researcher, metrics, university, country, person, organization or location","Several metrics use WordNet , a manually constructed lexical database of English words .",wordnet,"english, wordnet",1,0.6666666666666666,ai,49,2.0,1.0,0.0,0.0,0.0,1.0,0.0,0.0,0.0,0.5,0.0,0.0,0.5
50,"Named entities are phrases that represent the name of a politician, person, organization, political party, event, election, country or location","Although the Kuomintang failed to eliminate the enemy , they did succeeded in eradicating the enemy and temporarily taking the enemy base in the region , though this success was negated by the political fallouts such as failing to achieve its original objective of exterminating the enemy within the region in this first campaign of the full scale Chinese Civil War after World War II .","kuomintang, chinese civil war, world war ii","kuomintang, full scale chinese civil war, world war ii",2,0.6666666666666666,pol,50,3.0,0.0,0.5,1.0,1.0,0.0,1.0,1.0,0.5,0.3333333333333333,0.0,0.0,0.0
51,"Named entities are phrases that represent the name of a field, task, product, algorithm, researcher, metrics, university, country, person, organization or location",An updated measurement noise variance estimate can be obtained from the maximum likelihood calculation,maximum likelihood,maximum likelihood calculation,2,0.0,ai,51,3.0,1.0,0.5,0.0,0.5,1.0,0.5,0.0,0.5,0.3333333333333333,0.3333333333333333,0.3333333333333333,0.3333333333333333
52,"Named entities are phrases that represent the name of a music genre, song, band, album, musical artist, musical instrument, award, event, country, location, organization or person","Drawing influences from hip hop , dub , pop , Gorillaz released their self-titled debut album in 2001 to worldwide success , spawning successful follow-ups Demon Days ( 2005 ) , Plastic Beach , The Fall ( both released in 2010 ) , Humanz ( 2017 ) , and The Now Now ( 2018 ) .","pop, hip hop, plastic beach, demon days, dub, humanz, the now now, gorillaz, the fall","humanz, the now now, hip hop, dub, demon days, gorillaz, the fall, plastic beach, pop, self-titled debut album",2,0.9473684210526316,music,52,3.0,0.0,0.5,1.0,0.5,0.0,0.5,1.0,0.5,0.0,0.6666666666666666,0.3333333333333333,0.0
53,"Named entities are phrases that represent the name of a book, writer, award, poem, event, magazine, person, location, organization, country, miscellaneous","The film is based on The Caine Mutiny , the 1951 Pulitzer Prize -winning novel written by Herman Wouk .","the caine mutiny, 1951 pulitzer prize, herman wouk, novel","novel, pulitzer prize, herman wouk, the caine mutiny",1,0.75,lit,53,3.0,0.0,1.0,1.0,0.5,0.0,1.0,1.0,1.0,0.3333333333333333,1.3333333333333333,0.0,0.3333333333333333
54,"Named entities are phrases that represent the name of a music genre, song, band, album, musical artist, musical instrument, award, event, country, location, organization or person","In 1984 , Loverboy recorded the United States at the 1984 Summer Olympics theme for the 1984 Summer Olympics , Nothing 's Gonna Stop You Now .","united states, loverboy, 1984 summer olympics, nothing's gonna stop you now","1984 summer olympics, 1984 summer olympics, loverboy, nothing 's gonna stop you now, united states",1,0.75,music,54,3.0,1.0,1.0,0.0,0.5,1.0,0.5,0.0,1.0,0.0,0.0,0.0,0.6666666666666666
55,"Named entities are phrases that represent the name of a book, writer, award, poem, event, magazine, person, location, organization, country, miscellaneous","The first film was premiered at the 1962 Cannes Film Festival , where Lloyd was fêted as a major rediscovery .","1962 cannes film festival, first film, lloyd","lloyd, cannes film festival",1,0.4,lit,55,3.0,0.0,0.5,1.0,1.0,0.0,1.0,1.0,0.5,0.0,0.6666666666666666,0.0,0.0
56,"Named entities are phrases that represent the name of a music genre, song, band, album, musical artist, musical instrument, award, event, country, location, organization or person","As a film-score composer , Sakamoto has won an Academy Awards , a British Academy Film Awards , a Grammy Award , and 2 Golden Globe Award s .","golden globe awards, british academy film awards, sakamoto, academy awards, grammy award","grammy award, british academy film awards, academy awards, golden globe award, sakamoto",1,0.8,music,56,3.0,1.0,1.0,1.0,1.0,0.0,0.5,0.0,1.0,0.0,0.0,0.0,0.0
57,"Named entities are phrases that represent the name of a book, writer, award, poem, event, magazine, person, location, organization, country, miscellaneous","Federico Fellini , Burke and Waller , 12 His films have ranked in polls such as Cahiers du cinéma and Sight & Sound , which lists his 1963 film 8 ½ as the 10th-greatest film .","8 ½, sight & sound, burke, cahiers du cinéma, waller, federico fellini","8 ½, cahiers du cinéma, burke and waller, sight & sound, federico fellini",2,0.7272727272727273,lit,57,3.0,0.0,1.0,1.0,0.5,0.0,1.0,1.0,0.5,1.3333333333333333,0.6666666666666666,0.0,0.0
58,"Named entities are phrases that represent the name of a scientist, person, university, organization, country, location, discipline, enzyme, protein, chemical compound, chemical element, event, astronomical object, academic journal, award or theory","The journal has published ground-breaking work in the areas of biomechanics , skin transplantation and neurophysiology , and has published work by Nobel Prize winners Peter Medawar and August Krogh .","journal, august krogh, skin transplantation, peter medawar, biomechanics, neurophysiology, nobel prize","august krogh, skin transplantation, biomechanics, neurophysiology, peter medawar, nobel prize",1,0.9230769230769232,science,58,3.0,0.0,1.0,1.0,1.0,0.0,1.0,1.0,1.0,0.0,1.0,0.0,0.0
59,"Named entities are phrases that represent the name of a scientist, person, university, organization, country, location, discipline, enzyme, protein, chemical compound, chemical element, event, astronomical object, academic journal, award or theory","CCR1 was the first CC chemokine receptor identified and binds multiple inflammatory / inducible ( see inducible gene ) CC chemokines ( including CCL4 , CCL5 , CCL6 , CCL14 , CCL15 , CCL16 and CCL23 ) .","ccl16, ccr1, ccl23, cc chemokine receptor, ccl6, cc chemokines, ccl14, inducible gene, ccl4, ccl15, ccl5","ccl4, ccl6, ccl5, ccl23, ccl16, ccl14, ccl15, cc chemokine receptor, cc chemokines, ccr1",1,0.9523809523809524,science,59,3.0,0.0,0.5,1.0,0.5,0.0,0.5,1.0,0.5,0.0,1.3333333333333333,0.3333333333333333,0.6666666666666666
60,"Named entities are phrases that represent the name of a field, task, product, algorithm, researcher, metrics, university, country, person, organization or location","A popular application for serial robots in today 's industry is the pick-and-place assembly robot , called a SCARA robot , which has four degrees of freedom .","assembly, scara robot","scara robot, pick-and-place assembly robot, serial robots",2,0.4,ai,60,3.0,1.0,1.0,0.0,1.0,1.0,1.0,0.0,1.0,0.0,0.0,2.3333333333333335,0.0
61,"Named entities are phrases that represent the name of a music genre, song, band, album, musical artist, musical instrument, award, event, country, location, organization or person","ABBA were soon recognised and embraced by other acts : Evan Dando of the Lemonheads recorded a cover version of Knowing Me , Knowing You ; Sinéad O 'Connor and Boyzone 's Stephen Gately have recorded Chiquitita ; Tanita Tikaram , Blancmange and Steven Wilson paid tribute to The Day Before You Came .","boyzone, stephen gately, tanita tikaram, sinéad o 'connor, chiquitita, evan dando, blancmange, the lemonheads, steven wilson, the day before you came, knowing me , knowing you, abba","boyzone, stephen gately, abba, knowing me, knowing you, evan dando, blancmange, chiquitita, the day before you came, sinéad o'connor, tanita tikaram, steven wilson, lemonheads",2,0.75,music,61,3.0,1.0,0.5,1.0,0.5,0.0,1.0,0.0,1.0,0.3333333333333333,0.0,0.3333333333333333,0.0
62,"Named entities are phrases that represent the name of a scientist, person, university, organization, country, location, discipline, enzyme, protein, chemical compound, chemical element, event, astronomical object, academic journal, award or theory",Her lab currently has three main projects : identifying targets and mechanisms of expression regulation of the Nocturnin gene ; identifying the mechanism of metabolic control of Nocturnin knockout lean mice ; and defining structural components of the repressor protein Cryptochrome and how regulation of the nuclear entry of the protein contributes to circadian period length .,"nocturnin, cryptochrome, expression regulation, nocturnin knockout lean mice","nocturnin knockout lean mice, circadian period length, repressor protein cryptochrome, nocturnin gene",2,0.25,science,62,2.0,1.0,0.0,0.0,1.0,1.0,0.0,0.0,0.0,1.0,1.0,1.0,0.5
63,"Named entities are phrases that represent the name of a music genre, song, band, album, musical artist, musical instrument, award, event, country, location, organization or person","The music of Honduras varies from Punta and Paranda ( the local genre of the Garifunas ) to Caribbean music such as Salsa music , Merengue music , reggae and reggaeton ( all widely heard , especially in the north ) .","honduras, merengue music, garifunas, punta, salsa music, reggaeton, reggae, caribbean music, paranda","reggae, garifunas, salsa music, reggaeton, caribbean, honduras, paranda, merengue music, punta",2,0.8888888888888888,music,63,3.0,1.0,0.5,1.0,0.5,0.0,1.0,1.0,0.5,0.0,0.0,0.0,0.0
64,"Named entities are phrases that represent the name of a scientist, person, university, organization, country, location, discipline, enzyme, protein, chemical compound, chemical element, event, astronomical object, academic journal, award or theory","A Chamberland filter , also known as a Louis Pasteur -Chamberland filter , is a porcelain water filter invented by Charles Chamberland in 1884 .","porcelain water filter, louis pasteur-chamberland filter, chamberland filter, charles chamberland","porcelain water filter, charles chamberland, louis pasteur -chamberland filter, chamberland filter",1,0.75,science,64,3.0,0.0,0.5,0.0,0.5,0.0,1.0,0.0,1.0,0.0,0.6666666666666666,0.0,0.6666666666666666
65,"Named entities are phrases that represent the name of a music genre, song, band, album, musical artist, musical instrument, award, event, country, location, organization or person","That year , she also recorded a duet with singer Randy Stonehill for his Love Beyond Reason album , titled I Could Never Say Goodbye , and recorded The Animals ' Christmas with Art Garfunkel .","love beyond reason, randy stonehill, art garfunkel, i could never say goodbye, the animals ' christmas","love beyond reason, art garfunkel, randy stonehill, the animals' christmas, i could never say goodbye",2,0.8,music,65,3.0,1.0,0.5,1.0,0.5,0.0,1.0,0.0,1.0,0.6666666666666666,0.3333333333333333,0.6666666666666666,0.3333333333333333
66,"Named entities are phrases that represent the name of a music genre, song, band, album, musical artist, musical instrument, award, event, country, location, organization or person","He won seven Grammy Award s , seven Brit Awards , six American Music Awards , four MTV Video Music Award s , an Academy Award , and a Golden Globe Award .","academy award, grammy award, golden globe award, brit awards, american music awards, mtv video music award","mtv video music awards, golden globe award, brit awards, grammy awards, american music awards, academy award",2,0.6666666666666666,music,66,3.0,1.0,1.0,1.0,1.0,0.0,1.0,0.0,1.0,0.0,0.0,0.0,0.0
67,"Named entities are phrases that represent the name of a music genre, song, band, album, musical artist, musical instrument, award, event, country, location, organization or person","During this period he designed album sleeves and additional material for such acts as the Sutherland Brothers , Kevin Coyne , Edgar Broughton Band , Chilli Willi and the Red Hot Peppers , Quiver , the Kursaal Flyers and Michael Moorcock and the Deep Fix .","kevin coyne, chilli willi and the red hot peppers, quiver, edgar broughton band, michael moorcock and the deep fix, sutherland brothers, the kursaal flyers","sutherland brothers, kursaal flyers, quiver, edgar broughton band, deep fix, michael moorcock, chilli willi and the red hot peppers, kevin coyne",2,0.6666666666666666,music,67,3.0,1.0,0.5,1.0,0.5,0.0,1.0,1.0,0.5,0.3333333333333333,0.6666666666666666,0.0,0.0
68,"Named entities are phrases that represent the name of a scientist, person, university, organization, country, location, discipline, enzyme, protein, chemical compound, chemical element, event, astronomical object, academic journal, award or theory","Two further super-Earths were discovered in 2006 : OGLE-2005-BLG-390Lb with a mass of 5.5 Earth masses , which was found by gravitational microlensing , and HD 69830 b with a mass of 10 Earth masses .","hd 69830 b, ogle-2005-blg-390lb, super-earths, gravitational microlensing","gravitational microlensing, earth, ogle-2005-blg-390lb, hd 69830 b, earth, super-earths",1,0.8888888888888888,science,68,3.0,0.0,0.5,0.0,0.5,1.0,0.5,0.0,0.5,0.3333333333333333,0.3333333333333333,0.0,1.0
69,"Named entities are phrases that represent the name of a book, writer, award, poem, event, magazine, person, location, organization, country, miscellaneous",Havens was invited to perform at the 2008 Cannes Film Festival opening ceremony .,"havens, 2008 cannes film festival, opening ceremony","cannes film festival, havens",1,0.4,lit,69,3.0,0.0,0.5,1.0,0.5,0.0,0.5,1.0,0.5,0.0,0.6666666666666666,0.3333333333333333,0.0
70,"Named entities are phrases that represent the name of a book, writer, award, poem, event, magazine, person, location, organization, country, miscellaneous","Baron Cohen 's other work includes voicing King Julien XIII in the Madagascar film series ( 2005-2012 ) and appearing in films such as Talladega Nights : The Ballad of Ricky Bobby ( 2006 ) , Sweeney Todd : The Demon Barber of Fleet Street ( 2007 ) , Hugo ( 2011 ) , and Les Misérables ( 2012 ) .","madagascar film series, sweeney todd: the demon barber of fleet street, king julien xiii, talladega nights: the ballad of ricky bobby, les misérables, hugo, baron cohen","baron cohen, talladega nights : the ballad of ricky bobby, sweeney todd : the demon barber of fleet street, les misérables, madagascar, king julien xiii, hugo",1,0.5714285714285714,lit,70,3.0,1.0,0.5,1.0,0.5,1.0,0.5,0.0,0.5,0.3333333333333333,0.3333333333333333,0.0,0.3333333333333333
71,"Named entities are phrases that represent the name of a scientist, person, university, organization, country, location, discipline, enzyme, protein, chemical compound, chemical element, event, astronomical object, academic journal, award or theory","Instead , for the UEFA Euro 2008 articles ( UEFA Euro 2008 , UEFA Euro 2008 Group A , UEFA Euro 2008 Group B , UEFA Euro 2008 Group C , UEFA Euro 2008 Group D and UEFA Euro 2008 knockout stage ) , the old partial URL string ones :","uefa euro 2008, uefa euro 2008 knockout stage, uefa euro 2008 group a, uefa euro 2008 group b, uefa euro 2008 group c, uefa euro 2008 group d","uefa euro 2008, uefa euro 2008, uefa euro 2008, uefa euro 2008, uefa euro 2008, uefa euro 2008, uefa euro 2008",1,0.2857142857142857,science,71,3.0,1.0,1.0,0.0,1.0,1.0,1.0,0.0,1.0,0.0,0.0,3.3333333333333335,2.0
72,"Named entities are phrases that represent the name of a politician, person, organization, political party, event, election, country or location","This policy decision was contradicted , however , by the staging of the Alternative Vote referendum on 5 May 2011 as well.ref name = date / Labour MP Ian Davidson expressed opposition to the referendum being staged on the same date as other elections.ref name = date / Scottish Secretary Michael Moore stated that having the referendum on another date would cost an additional £ 17 million.ref name = date","ian davidson, alternative vote referendum, michael moore","ian davidson, scottish, labour, michael moore, alternative vote referendum, mp",1,0.6666666666666666,pol,72,3.0,0.0,0.5,0.0,0.5,1.0,0.5,0.0,0.5,1.0,0.0,0.0,2.0
73,"Named entities are phrases that represent the name of a field, task, product, algorithm, researcher, metrics, university, country, person, organization or location","Previously , Dr. Paulos held the Cooper-Siegel Associate Professor Chair in the School of Computer Science at Carnegie Mellon University where he was faculty within the Human-Computer Interaction Institute with courtesy faculty appointments in the Robotics Institute and in the Entertainment Technology Center .","carnegie mellon university, entertainment technology center, human-computer interaction institute, robotics institute, dr. paulos, school of computer science","robotics institute, carnegie mellon university, entertainment technology center, human-computer interaction institute, dr. paulos, school of computer science, cooper-siegel associate professor chair",1,0.9230769230769232,ai,73,3.0,0.0,1.0,1.0,1.0,0.0,1.0,1.0,1.0,0.6666666666666666,0.0,0.0,0.0
74,"Named entities are phrases that represent the name of a politician, person, organization, political party, event, election, country or location","Same edit patterns with beauty pageant related articles e.g. , Miss Macau , Miss Cambodia , List of Thai representatives at international male beauty pageants , and etc .","miss macau, list of thai representatives at international male beauty pageants, miss cambodia","thai, miss cambodia, miss macau",2,0.6666666666666666,pol,74,3.0,0.0,1.0,1.0,0.5,0.0,0.5,0.0,0.5,1.0,0.3333333333333333,0.3333333333333333,0.3333333333333333
75,"Named entities are phrases that represent the name of a scientist, person, university, organization, country, location, discipline, enzyme, protein, chemical compound, chemical element, event, astronomical object, academic journal, award or theory","In 2010 , Goodall through JGI formed a coalition with a number of organizations such as the Wildlife Conservation Society ( WCS ) and the Humane Society of the United States ( HSUS ) and petitioned to list all chimpanzees including those that are captive as endangered .","jgi, goodall, hsus, humane society of the united states, wcs, wildlife conservation society","goodall, wcs, humane society of the united states, hsus, chimpanzees, wildlife conservation society, jgi",2,0.9230769230769232,science,75,3.0,0.0,1.0,1.0,1.0,0.0,1.0,1.0,1.0,0.0,1.3333333333333333,0.0,0.0
76,"Named entities are phrases that represent the name of a music genre, song, band, album, musical artist, musical instrument, award, event, country, location, organization or person","In addition to Underwood , American Idol launched the careers of Kellie Pickler , Josh Gracin , Bucky Covington , Kristy Lee Cook , Danny Gokey , Lauren Alaina and Scotty McCreery ( as well as that of occasional country singer Kelly Clarkson ) in the decade , and would continue to launch country careers in the 2010s .","kristy lee cook, underwood, country, american idol, lauren alaina, josh gracin, danny gokey, scotty mccreery, kelly clarkson, bucky covington, kellie pickler","josh gracin, kellie pickler, kelly clarkson, scotty mccreery, kristy lee cook, lauren alaina, danny gokey, bucky covington, american idol, underwood",2,0.9523809523809524,music,76,3.0,0.0,0.5,1.0,0.5,0.0,0.5,1.0,0.5,0.6666666666666666,0.0,0.0,0.3333333333333333
77,"Named entities are phrases that represent the name of a book, writer, award, poem, event, magazine, person, location, organization, country, miscellaneous","This was the case , for instance , in the The Weapon Shops of Isher series , the The Mixed Men series , and in single stories such as Heir Apparent ( 1945 ) , whose protagonist was described as a benevolent dictator .","the weapon shops of isher series, the mixed men series, heir apparent","the mixed men, heir apparent, the weapon shops of isher",1,0.3333333333333333,lit,77,3.0,1.0,1.0,1.0,1.0,0.0,1.0,1.0,1.0,0.0,0.0,0.0,0.0
78,"Named entities are phrases that represent the name of a scientist, person, university, organization, country, location, discipline, enzyme, protein, chemical compound, chemical element, event, astronomical object, academic journal, award or theory","He was a fellow of the Society of Experimental Test Pilots ( SETP ) and the American Astronautical Society , as well as an associate fellow of the American Institute of Aeronautics and Astronautics .","fellow of the american institute of aeronautics and astronautics, fellow of the society of experimental test pilots, american astronautical society, setp","society of experimental test pilots (setp, american astronautical society, american institute of aeronautics and astronautics",2,0.2857142857142857,science,78,3.0,0.0,0.5,0.0,0.5,0.0,0.5,1.0,0.5,0.6666666666666666,0.6666666666666666,0.3333333333333333,1.0
79,"Named entities are phrases that represent the name of a book, writer, award, poem, event, magazine, person, location, organization, country, miscellaneous","Jorge Luis Borges wrote a contemporary bestiary of sorts , the Book of Imaginary Beings , which collects imaginary beasts from bestiaries and fiction .","fiction, jorge luis borges, book of imaginary beings","bestiaries, jorge luis borges, book of imaginary beings",2,0.6666666666666666,lit,79,3.0,0.0,1.0,0.0,1.0,0.0,1.0,0.0,0.5,1.0,0.3333333333333333,1.0,0.3333333333333333
80,"Named entities are phrases that represent the name of a politician, person, organization, political party, event, election, country or location","Following the appointment of the Second Morrison Ministry in May 2019 , Scott Morrison announced David Littleproud ' s previous ministerial positions were separated , with Bridget McKenzie as Minister for Agriculture and Littleproud as Minister for Water Resources .","second morrison ministry, scott morrison, bridget mckenzie, david littleproud","david littleproud, second morrison ministry, scott morrison, agriculture, bridget mckenzie, littleproud",1,0.8,pol,80,3.0,0.0,0.5,0.0,1.0,1.0,1.0,0.0,1.0,1.0,0.3333333333333333,1.0,1.3333333333333333
81,"Named entities are phrases that represent the name of a scientist, person, university, organization, country, location, discipline, enzyme, protein, chemical compound, chemical element, event, astronomical object, academic journal, award or theory","The Voyager program is an American scientific program that employs two robotic probes , Voyager 1 and Voyager 2 , launched in 1977 to take advantage of a favorable alignment of Jupiter , Saturn , Uranus , and Neptune .","voyager 1, uranus, saturn, voyager program, neptune, voyager 2, jupiter","probes, neptune, uranus, 2, voyager, saturn, jupiter, american, 1, robotic, voyager program, voyager",1,0.5555555555555556,science,81,3.0,1.0,0.5,0.0,0.5,1.0,1.0,0.0,1.0,0.6666666666666666,0.0,0.6666666666666666,2.6666666666666665
82,"Named entities are phrases that represent the name of a politician, person, organization, political party, event, election, country or location","Sitting as a Liberal Party of Canada Member of Parliament ( MP ) for Niagara Falls , she joined the Canadian Cabinet after the Liberals defeated the Progressive Conservative Party of Canada government of John Diefenbaker in the 1963 Canadian federal election .","canadian cabinet, 1963 canadian federal election, liberals, progressive conservative party of canada, john diefenbaker, niagara falls, liberal party of canada","liberal party of canada, parliament, 1963 canadian federal election, liberals, niagara falls, canadian cabinet, progressive conservative party of canada, john diefenbaker",1,0.9333333333333332,pol,82,3.0,1.0,1.0,1.0,0.5,0.0,0.5,0.0,1.0,0.0,0.0,0.0,0.3333333333333333
83,"Named entities are phrases that represent the name of a music genre, song, band, album, musical artist, musical instrument, award, event, country, location, organization or person","A more extensive tribute was given later that year in December at the Southbank Centre in the Queen Elizabeth Hall called The Lady : A Tribute to Sandy Denny with a band composed of members of Bellowhead , the evening featured a mix of young folk acts like Jim Moray and Lisa Knapp alongside those that had known and worked with Denny such as Dave Swarbrick and Jerry Donahue .","jerry donahue, jim moray, dave swarbrick, lisa knapp, the lady : a tribute to sandy denny, queen elizabeth hall, denny, southbank centre, bellowhead","queen elizabeth hall, jim moray, jerry donahue, bellowhead, southbank centre, the lady: a tribute to sandy denny, dave swarbrick, lisa knapp, sandy denny",2,0.7777777777777778,music,83,3.0,1.0,1.0,0.0,0.5,1.0,0.5,0.0,1.0,0.0,0.0,0.3333333333333333,0.3333333333333333
84,"Named entities are phrases that represent the name of a politician, person, organization, political party, event, election, country or location","Kōmeitō did quite well , and in 1993 , when the LDP was for the first time declared an opposition party , the Kōmeitō became one of the ruling parties , headed by the liberal Japan New Party , but which also included the Democratic Socialist Party , Japan Renewal Party , the New Party Sakigake , and the Japan Socialist Party .","japan new party, democratic socialist party, liberal, kōmeitō, new party sakigake, japan renewal party, ldp, kōmeitō, japan socialist party","democratic socialist party, japan new party, kōmeitō, japan renewal party, new party sakigake, ldp (liberal democratic party, japan socialist party",2,0.8,pol,84,3.0,1.0,0.5,0.0,0.5,0.0,0.5,0.0,0.5,0.0,0.0,0.0,0.6666666666666666
85,"Named entities are phrases that represent the name of a field, task, product, algorithm, researcher, metrics, university, country, person, organization or location","In practice , machine learning algorithms cope with that either by employing a convex approximation to the 0-1 loss function ( like hinge loss for Support vector machine ) , which is easier to optimize , or by imposing assumptions on the distribution mathP ( x , y ) / math ( and thus stop being agnostic learning algorithms to which the above result applies ) .","convex approximation, loss function, hinge loss, support vector machine, agnostic learning algorithms","hinge loss, agnostic learning algorithms, support vector machine, machine learning algorithms",2,0.6666666666666666,ai,85,3.0,0.0,1.0,0.0,0.5,0.0,1.0,1.0,0.5,0.6666666666666666,0.6666666666666666,0.3333333333333333,0.0
86,"Named entities are phrases that represent the name of a field, task, product, algorithm, researcher, metrics, university, country, person, organization or location","Zurada has served the engineering profession as a long-time volunteer of IEEE : as 2014 IEEE Vice-President-Technical Activities ( TAB Chair ) , as President of IEEE Computational Intelligence Society in 2004-05 and the ADCOM member in 2009-14 , 2016-18 and earlier years .","adcom, zurada, ieee computational intelligence society, ieee, 2014 ieee vice-president-technical activities","2014 ieee vice-president-technical activities, tab chair, adcom member, ieee, zurada, ieee computational intelligence society",2,0.7272727272727273,ai,86,3.0,0.0,1.0,0.0,1.0,0.0,1.0,0.0,0.5,1.6666666666666667,2.0,1.3333333333333333,0.6666666666666666
87,"Named entities are phrases that represent the name of a field, task, product, algorithm, researcher, metrics, university, country, person, organization or location","Continuing the example using the maximum likelihood estimator , the probability density function ( pdf ) of the noise for one sample mathw n / math is","probability density function (pdf, maximum likelihood estimator","probability density function, pdf, maximum likelihood estimator",1,0.4,ai,87,3.0,1.0,0.5,1.0,1.0,0.0,1.0,1.0,0.5,0.0,0.0,0.0,0.0
88,"Named entities are phrases that represent the name of a music genre, song, band, album, musical artist, musical instrument, award, event, country, location, organization or person","It features songs from both The Better Life and Away from the Sun , and even some early sketches of It 's Not Me and Father 's Son , which were both eventually released on Seventeen Days .","seventeen days, father 's son, away from the sun, it 's not me, the better life","the better life, away from the sun, it's not me, father's son, seventeen days",2,0.6,music,88,3.0,1.0,1.0,1.0,1.0,0.0,1.0,0.0,1.0,0.0,0.0,0.0,0.0
89,"Named entities are phrases that represent the name of a politician, person, organization, political party, event, election, country or location","During World War I , he played a key role among those who advocated the Allies of World War I cause , arguing that Brazil should be more involved in the war .","allies of world war i, world war i, brazil","world war i, brazil, world war i, allies",1,0.6666666666666666,pol,89,3.0,1.0,1.0,0.0,0.5,1.0,1.0,0.0,1.0,0.0,0.0,0.6666666666666666,0.6666666666666666
90,"Named entities are phrases that represent the name of a book, writer, award, poem, event, magazine, person, location, organization, country, miscellaneous","In 1909 , Strindberg thought he might get the Nobel Prize in Literature , but instead lost to Selma Lagerlöf , the first woman and first Swede to win the award .","the award, selma lagerlöf, nobel prize in literature, strindberg","strindberg, selma lagerlöf, nobel prize in literature, swede",1,0.75,lit,90,3.0,0.0,1.0,1.0,0.5,0.0,1.0,1.0,1.0,1.6666666666666667,1.0,0.6666666666666666,0.3333333333333333
91,"Named entities are phrases that represent the name of a music genre, song, band, album, musical artist, musical instrument, award, event, country, location, organization or person","In 1974 he returned to the No. 1 spot on the R & B charts with The Payback , with the The Payback reaching the same spot on the album charts ; he would reach No. 1 two more times in 1974 , with My Thang and Papa Don 't Take No Mess .","r & b, papa don 't take no mess, the payback, the payback, my thang","my thang, papa don't take no mess, the payback",2,0.5714285714285714,music,91,3.0,0.0,1.0,1.0,1.0,0.0,1.0,1.0,1.0,1.0,0.0,0.0,0.0
92,"Named entities are phrases that represent the name of a field, task, product, algorithm, researcher, metrics, university, country, person, organization or location","Early interlingual MT systems were also built at Stanford in the 1970s by Roger Schank and Yorick Wilks ; the former became the basis of a commercial system for the transfer of funds , and the latter 's code is preserved at The Computer Museum at Boston as the first interlingual machine translation system .","interlingual machine translation system, interlingual mt systems, the computer museum, stanford, boston, roger schank, yorick wilks","first interlingual machine translation system, yorick wilks, roger schank, the computer museum at boston, interlingual mt systems, stanford",2,0.6153846153846154,ai,92,2.0,0.0,1.0,0.0,1.0,0.0,1.0,1.0,1.0,1.0,0.0,1.0,0.0
93,"Named entities are phrases that represent the name of a music genre, song, band, album, musical artist, musical instrument, award, event, country, location, organization or person","Phillips was signed as a solo artist with Myrrh Records under her given name and recorded four Christian pop albums : Beyond Saturday Night , Dancing with Danger , Black and White in a Grey World and , The Turning .","beyond saturday night, christian pop, black and white in a grey world, phillips, the turning, dancing with danger, myrrh records","beyond saturday night, myrrh records, the turning, black and white in a grey world, christian pop albums, dancing with danger, phillips",1,0.8571428571428571,music,93,3.0,1.0,1.0,0.0,0.5,1.0,1.0,0.0,1.0,0.0,0.0,0.3333333333333333,0.3333333333333333
94,"Named entities are phrases that represent the name of a politician, person, organization, political party, event, election, country or location","Incumbent Democrat John Glenn won re-election to a second term in a landslide with 69 % of the vote over Jim Betts , State Representative , coinciding with Ronald Reagan ' s substantial win in the state during the 1980 United States presidential election in Ohio .","democrat, ohio, ronald reagan, 1980 united states presidential election, john glenn, jim betts","jim betts, john glenn, ronald reagan, 1980 united states presidential election in ohio, democrat",1,0.7272727272727273,pol,94,3.0,1.0,1.0,0.0,0.5,1.0,0.5,0.0,0.5,0.0,0.0,0.6666666666666666,0.3333333333333333
95,"Named entities are phrases that represent the name of a field, task, product, algorithm, researcher, metrics, university, country, person, organization or location","This research was fundamental to the development of modern techniques of speech synthesis , reading machines for the blind , the study of speech perception and speech recognition , and the development of the motor theory of speech perception .","reading machines for the blind, modern techniques of speech synthesis, speech recognition, motor theory of speech perception","speech perception, speech synthesis, speech recognition, reading machines for the blind, motor theory of speech perception",1,0.6666666666666666,ai,95,3.0,0.0,0.5,1.0,1.0,0.0,1.0,1.0,1.0,1.0,0.6666666666666666,0.0,0.0
96,"Named entities are phrases that represent the name of a music genre, song, band, album, musical artist, musical instrument, award, event, country, location, organization or person","A favorite technique of contemporary jazz writers , ostinati are often used in Modal jazz and Latin jazz and traditional African music including Gnawa music .","traditional african music, modal jazz, contemporary jazz, gnawa music, latin jazz","gnawa music, contemporary jazz, modal jazz, african music, ostinati, latin jazz",1,0.7272727272727273,music,96,3.0,0.0,0.5,0.0,0.5,0.0,0.5,1.0,0.5,1.0,0.0,0.3333333333333333,0.6666666666666666
97,"Named entities are phrases that represent the name of a scientist, person, university, organization, country, location, discipline, enzyme, protein, chemical compound, chemical element, event, astronomical object, academic journal, award or theory",He is a past Chair of the Division for Planetary Sciences ( DPS ) of the American Astronomical Society and was the first editor of the Journal of Geophysical Research .,"division for planetary sciences (dps, journal of geophysical research, american astronomical society","dps, american astronomical society, division for planetary sciences, journal of geophysical research",1,0.5714285714285714,science,97,3.0,1.0,0.5,1.0,0.5,0.0,1.0,1.0,0.5,0.3333333333333333,0.3333333333333333,0.0,0.3333333333333333
98,"Named entities are phrases that represent the name of a field, task, product, algorithm, researcher, metrics, university, country, person, organization or location","The counts of TP , TN , FP , and FN are usually kept on a table known as the confusion matrix .",confusion matrix,"confusion matrix, fp, tn, tp, fn",1,0.3333333333333333,ai,98,3.0,0.0,1.0,1.0,1.0,0.0,1.0,1.0,1.0,4.0,0.0,0.0,0.0
99,"Named entities are phrases that represent the name of a politician, person, organization, political party, event, election, country or location","Criticism on Meshadi Azizbekov 's political views by Maharram Zulfuqarli - SalamInfo Though Azerbaijan Communist Party and many other local left-wing politicians and the people sees Azizbekov as an important , notable and positive figure in the history of Azerbaijan .","azerbaijan, maharram zulfuqarli, azizbekov, meshadi azizbekov, azerbaijan communist party","salaminfo, maharram zulfuqarli, meshadi azizbekov, local left-wing politicians, history of azerbaijan, azizbekov, azerbaijan communist party",2,0.6666666666666666,pol,99,3.0,0.0,1.0,0.0,1.0,1.0,0.5,0.0,0.5,0.3333333333333333,0.6666666666666666,1.0,0.0
